Valores do Gráfico Pre:,"[0.30573543906211853, 0.3143184185028076, 0.32363006472587585, 0.33217424154281616, 0.3395323157310486, 0.3462202548980713, 0.3524424433708191, 0.3587724268436432, 0.3641396760940552, 0.37016311287879944, 0.376299113035202, 0.3821066617965698, 0.38781294226646423, 0.3932870328426361, 0.3985389173030853, 0.4032047986984253, 0.40785735845565796, 0.41347628831863403, 0.41996127367019653, 0.4247533679008484, 0.4301103949546814, 0.4345099627971649, 0.44018784165382385, 0.4448343813419342, 0.4497217535972595, 0.4548964202404022, 0.46021124720573425, 0.46650999784469604, 0.4721870720386505, 0.47686654329299927, 0.4815007746219635, 0.4865131676197052, 0.4910052418708801, 0.4958714544773102, 0.5006492733955383, 0.5055878758430481, 0.5123116970062256, 0.5179405212402344, 0.523852527141571, 0.5292094945907593, 0.5351033806800842, 0.5401257872581482, 0.5457214713096619, 0.5509565472602844, 0.5570425391197205, 0.5612263083457947, 0.5663955807685852, 0.5709681510925293, 0.577203631401062, 0.5828590393066406, 0.5879664421081543, 0.5941978096961975, 0.5988950729370117, 0.604720413684845, 0.6107949018478394, 0.6162533164024353, 0.6229759454727173, 0.6289314031600952, 0.6341394186019897, 0.6377574801445007, 0.6485119462013245, 0.6513881087303162, 0.6574843525886536, 0.6645690202713013, 0.6712522506713867, 0.6775615215301514, 0.6825648546218872, 0.6876493692398071, 0.6933325529098511, 0.7016154527664185, 0.7084418535232544, 0.7136567831039429, 0.7214697003364563, 0.7291895151138306, 0.7353435754776001, 0.7430684566497803, 0.7503847479820251, 0.7580785155296326, 0.7667282819747925, 0.7756165862083435, 0.7825765609741211, 0.7895357608795166, 0.7953855991363525, 0.8030750751495361, 0.8128517866134644, 0.8193253874778748, 0.8274649381637573, 0.833717942237854, 0.8432763814926147, 0.8505035042762756, 0.8593786358833313, 0.8674569725990295, 0.876593291759491, 0.8843852877616882, 0.8927007913589478, 0.9009804129600525, 0.9109233617782593, 0.9226071834564209, 0.9317907094955444, 0.9437246322631836, 0.9535543918609619, 0.9650316834449768, 0.975911557674408, 0.9854304790496826, 0.9958405494689941, 1.0057297945022583, 1.016964316368103, 1.0282082557678223, 1.0396994352340698, 1.0508513450622559, 1.0620815753936768, 1.0750328302383423, 1.087256908416748, 1.0993571281433105, 1.110227108001709, 1.1242341995239258, 1.1378742456436157, 1.1517280340194702, 1.1634209156036377, 1.177443027496338, 1.1904782056808472, 1.2035436630249023, 1.215331792831421, 1.227959156036377, 1.2396700382232666, 1.253159523010254, 1.268959403038025, 1.2822703123092651, 1.2980577945709229, 1.3137837648391724, 1.3274633884429932, 1.3404994010925293]"
Valores do Gráfico h1h:,"[1.369539737701416, 1.385854721069336, 1.3996282815933228, 1.4153908491134644, 1.4294170141220093, 1.4447957277297974, 1.4610956907272339, 1.474965214729309, 1.4948583841323853, 1.5036145448684692, 1.5236095190048218, 1.5374947786331177, 1.553886890411377, 1.5675785541534424, 1.583059549331665, 1.599855661392212, 1.6188908815383911, 1.6362401247024536, 1.6508196592330933, 1.6676886081695557, 1.6833724975585938, 1.700916051864624, 1.7203832864761353, 1.7363632917404175, 1.752546787261963, 1.7700306177139282, 1.7874892950057983, 1.8064281940460205, 1.823911190032959, 1.8385493755340576, 1.8542155027389526, 1.8689712285995483, 1.8840821981430054, 1.9037882089614868, 1.9203509092330933, 1.937916874885559, 1.9520559310913086, 1.9695773124694824, 1.9843034744262695, 2.001443862915039, 2.0131804943084717, 2.024570941925049, 2.042289972305298, 2.057551383972168, 2.073467969894409, 2.0877840518951416, 2.104999542236328, 2.118112325668335, 2.1320900917053223, 2.1449360847473145, 2.1562788486480713, 2.1693103313446045, 2.1831696033477783, 2.1912474632263184, 2.2047550678253174, 2.215606927871704, 2.2211334705352783, 2.232675075531006, 2.2431588172912598, 2.2512781620025635, 2.2598652839660645, 2.2641396522521973, 2.2680532932281494, 2.2695815563201904, 2.279127836227417, 2.2792809009552, 2.2849197387695312, 2.2881643772125244, 2.287135124206543, 2.2901358604431152, 2.2939653396606445, 2.2906954288482666, 2.2930662631988525, 2.2952449321746826, 2.294130802154541, 2.2975914478302, 2.3019325733184814, 2.302469491958618, 2.296790599822998, 2.2954795360565186, 2.2961771488189697, 2.296095609664917, 2.2915377616882324, 2.3036108016967773, 2.301015615463257, 2.3010542392730713, 2.297501564025879, 2.2965049743652344, 2.2929892539978027, 2.281033515930176, 2.3069698810577393, 2.2864291667938232, 2.286965847015381, 2.2854650020599365, 2.280442237854004, 2.278074264526367, 2.2769370079040527, 2.27182674407959, 2.2662534713745117, 2.258942127227783, 2.261012554168701, 2.2622175216674805, 2.2670693397521973, 2.266526222229004, 2.2643887996673584, 2.2587461471557617, 2.253068208694458, 2.2506256103515625, 2.248960256576538, 2.2443153858184814, 2.2395739555358887, 2.2324604988098145, 2.228954315185547, 2.230259656906128, 2.225226402282715, 2.219294548034668, 2.212862491607666, 2.2100675106048584, 2.2043676376342773, 2.1979947090148926, 2.1891276836395264, 2.186546564102173, 2.1799118518829346, 2.172726631164551, 2.1737563610076904, 2.1694140434265137, 2.1646366119384766, 2.1668012142181396, 2.158383369445801, 2.1618492603302, 2.161306858062744, 2.1449882984161377, 2.1380484104156494, 2.132624626159668, 2.1256303787231445, 2.1216251850128174, 2.1206483840942383, 2.1220877170562744, 2.1178343296051025, 2.122770071029663, 2.117480993270874, 2.1180777549743652, 2.110006093978882, 2.1115877628326416, 2.110025644302368, 2.108309745788574, 2.1082162857055664, 2.1048471927642822, 2.106874942779541, 2.103468894958496, 2.098544120788574, 2.0972397327423096, 2.092144250869751, 2.0897789001464844, 2.0896034240722656, 2.098660707473755, 2.0927865505218506, 2.091578960418701, 2.089200973510742, 2.0788562297821045, 2.074798345565796, 2.0696306228637695, 2.0672342777252197, 2.0799343585968018, 2.080101490020752, 2.088641405105591, 2.0772008895874023, 2.0778656005859375, 2.0864851474761963, 2.0855398178100586, 2.0971152782440186, 2.099316358566284, 2.0955333709716797, 2.093259334564209, 2.0940537452697754, 2.0897655487060547, 2.0888290405273438, 2.0967824459075928, 2.099703073501587, 2.0987679958343506, 2.1023716926574707, 2.0914666652679443, 2.0903992652893066, 2.0850179195404053, 2.079374313354492, 2.0934736728668213, 2.099762439727783, 2.1085357666015625, 2.1110074520111084, 2.098923921585083, 2.115797519683838, 2.129793882369995, 2.132362127304077, 2.1315386295318604, 2.116684913635254, 2.1188769340515137, 2.127638101577759, 2.1256332397460938, 2.125175952911377, 2.1226329803466797, 2.1291234493255615, 2.1327998638153076, 2.1331610679626465, 2.1292922496795654, 2.125091075897217, 2.1334946155548096, 2.137906551361084, 2.1306421756744385, 2.134887933731079, 2.1351006031036377, 2.134336233139038, 2.140540599822998, 2.141819477081299, 2.1421210765838623, 2.1400017738342285, 2.1421561241149902, 2.1430673599243164, 2.1457877159118652, 2.1439402103424072, 2.1495823860168457, 2.152146339416504, 2.1551623344421387, 2.149003505706787, 2.151613712310791, 2.1583919525146484, 2.1571199893951416, 2.148702621459961, 2.1390607357025146, 2.161203384399414, 2.1625499725341797, 2.1622469425201416, 2.160207748413086, 2.1567699909210205, 2.1606101989746094, 2.1599504947662354, 2.1660408973693848, 2.165957450866699, 2.1698098182678223, 2.1637630462646484, 2.161118745803833, 2.166731834411621, 2.1679935455322266, 2.167039155960083, 2.1654210090637207, 2.16458797454834, 2.173987865447998, 2.1678693294525146, 2.178345203399658, 2.1823906898498535, 2.185551643371582, 2.1898813247680664, 2.1964833736419678, 2.1914796829223633, 2.187178373336792, 2.1838793754577637, 2.1859123706817627, 2.1915671825408936, 2.1964473724365234, 2.1885430812835693, 2.1804308891296387, 2.183101177215576, 2.1892101764678955, 2.2024896144866943, 2.2107393741607666, 2.2103402614593506, 2.2121729850769043, 2.2049965858459473, 2.2019994258880615, 2.196099281311035, 2.2077627182006836, 2.200082540512085, 2.2047019004821777, 2.214632987976074, 2.212454319000244, 2.207775354385376, 2.2081191539764404, 2.208496332168579, 2.2133750915527344, 2.2089412212371826, 2.209962844848633, 2.214512586593628, 2.214235305786133, 2.2162551879882812, 2.2125766277313232, 2.213163137435913, 2.2138805389404297, 2.213623523712158, 2.2113962173461914, 2.211235284805298, 2.2110910415649414, 2.223663330078125, 2.2171645164489746, 2.2194747924804688, 2.221775531768799, 2.2260310649871826, 2.2315049171447754, 2.2299931049346924, 2.2317161560058594, 2.2243916988372803, 2.2161765098571777, 2.2263057231903076, 2.2319564819335938, 2.228468179702759, 2.2335193157196045, 2.239525079727173, 2.235445261001587, 2.233055591583252, 2.2342381477355957, 2.224064826965332, 2.2232563495635986, 2.2195820808410645, 2.223160743713379, 2.222031831741333, 2.221604347229004, 2.2173104286193848, 2.2104554176330566, 2.207733631134033, 2.217188596725464, 2.2157344818115234, 2.2122716903686523, 2.2136173248291016, 2.207906484603882, 2.1884617805480957, 2.1765315532684326, 2.1789448261260986, 2.1873741149902344, 2.1813912391662598, 2.181445837020874, 2.180628538131714, 2.189319372177124, 2.202890634536743, 2.2017416954040527, 2.2222743034362793, 2.227665424346924, 2.2224063873291016, 2.2080979347229004, 2.209087610244751, 2.2293803691864014, 2.229959487915039, 2.2185819149017334, 2.207331418991089, 2.2013907432556152, 2.2073116302490234, 2.2042624950408936, 2.1951122283935547, 2.1975483894348145, 2.184622049331665, 2.1830012798309326, 2.1913907527923584, 2.2033681869506836, 2.214662790298462, 2.216172218322754, 2.22651743888855, 2.220940351486206, 2.2244083881378174, 2.2229819297790527, 2.2021806240081787, 2.2125349044799805, 2.213925838470459, 2.208097219467163, 2.199735164642334, 2.206916093826294, 2.2060961723327637, 2.2015445232391357, 2.202885389328003, 2.2042040824890137, 2.213545083999634, 2.210157871246338, 2.2166171073913574, 2.2097291946411133, 2.2085282802581787, 2.208608388900757, 2.2143728733062744, 2.203988790512085, 2.1952993869781494, 2.2062809467315674, 2.214001178741455, 2.201326847076416, 2.205939769744873, 2.2098379135131836, 2.2206199169158936, 2.2150871753692627, 2.2132651805877686, 2.228036880493164, 2.219766616821289, 2.199424982070923, 2.2190561294555664, 2.1931943893432617, 2.217792510986328, 2.232816219329834, 2.235217332839966, 2.23189377784729, 2.229055881500244, 2.225062370300293, 2.2157113552093506, 2.216613292694092, 2.215345859527588, 2.2010273933410645, 2.2132911682128906, 2.209519624710083, 2.1977858543395996, 2.189401388168335, 2.1979403495788574, 2.1942214965820312, 2.185849666595459, 2.183818817138672, 2.194810152053833, 2.1824917793273926, 2.1731128692626953, 2.1652519702911377, 2.146576404571533, 2.1562328338623047, 2.1630759239196777, 2.1560354232788086, 2.1636343002319336, 2.150693893432617, 2.1729743480682373, 2.1536829471588135, 2.1410911083221436, 2.1343295574188232, 2.130194664001465, 2.1256895065307617, 2.118847370147705, 2.1176719665527344, 2.1237411499023438, 2.1230640411376953, 2.1028215885162354, 2.095897674560547, 2.0908687114715576, 2.0905191898345947, 2.0821170806884766, 2.068480968475342, 2.067802667617798, 2.060608386993408, 2.0598647594451904, 2.059382677078247, 2.0711565017700195, 2.0504961013793945, 2.0428762435913086, 2.0402581691741943, 2.031991720199585, 1.9861947298049927, 1.9932597875595093, 1.9926838874816895, 1.990882396697998, 1.9922354221343994, 1.986137866973877, 1.9728977680206299, 1.9643898010253906, 1.944985032081604, 1.9420857429504395, 1.9337217807769775, 1.9425442218780518, 1.9257172346115112, 1.9267340898513794, 1.9249480962753296, 1.9135044813156128, 1.9186614751815796, 1.9084463119506836, 1.9060053825378418, 1.8930152654647827, 1.877480387687683, 1.8737441301345825, 1.8695751428604126, 1.883843183517456, 1.8632018566131592, 1.8164781332015991, 1.8143609762191772, 1.813414454460144, 1.8149312734603882, 1.8150430917739868, 1.804686188697815, 1.787556529045105, 1.7836166620254517, 1.7611441612243652, 1.7448588609695435, 1.7329018115997314, 1.7194924354553223, 1.685986876487732, 1.6730488538742065, 1.629440188407898, 1.6015164852142334, 1.5587308406829834, 1.5213747024536133, 1.478563904762268, 1.4410916566848755, 1.4551883935928345, 1.5150641202926636, 1.4887033700942993, 1.5128329992294312, 1.492120623588562, 1.4518013000488281, 1.447076678276062, 1.4344933032989502, 1.4650590419769287, 1.4810291528701782, 1.5180741548538208, 1.5321236848831177, 1.5599194765090942, 1.5833616256713867, 1.5701351165771484, 1.5373378992080688, 1.5376471281051636, 1.5209182500839233, 1.521072506904602, 1.524748682975769, 1.5571855306625366, 1.624056339263916, 1.6346615552902222, 1.612135887145996, 1.6354154348373413, 1.6507785320281982, 1.6182581186294556, 1.6288756132125854, 1.6620357036590576, 1.6207404136657715, 1.592975378036499, 1.6175200939178467, 1.6057040691375732, 1.5887552499771118, 1.5426554679870605, 1.5551244020462036, 1.5617607831954956, 1.5443987846374512, 1.5368701219558716, 1.5822831392288208, 1.675720453262329, 1.7191367149353027, 1.6409744024276733, 1.7586555480957031, 2.083752155303955, 2.0808160305023193, 2.122600793838501, 2.0765321254730225, 2.045916795730591, 2.1012165546417236, 2.1409339904785156, 2.1242799758911133, 2.2082619667053223, 2.2710695266723633, 2.242072343826294, 2.2460150718688965, 2.1769392490386963, 2.253920078277588, 2.3037590980529785, 2.341423749923706, 2.2732741832733154, 2.3122806549072266, 2.34765625, 2.385136604309082, 2.3222532272338867, 2.299954652786255, 2.296207904815674, 2.394482135772705, 2.3625471591949463, 2.3238511085510254, 2.286259174346924, 2.3082010746002197, 2.291879177093506, 2.3193225860595703, 2.332017421722412, 2.335526704788208, 2.384868860244751, 2.362475633621216, 2.3778584003448486, 2.355388641357422, 2.4282724857330322, 2.3960530757904053, 2.335275650024414, 2.3933217525482178, 2.4033358097076416, 2.430612325668335, 2.402609348297119, 2.4117965698242188, 2.4262309074401855, 2.415886640548706, 2.3921282291412354, 2.3872592449188232, 2.374255418777466, 2.3874707221984863, 2.3832530975341797, 2.398287534713745, 2.394505500793457, 2.4004201889038086, 2.397428274154663, 2.41080904006958, 2.4802403450012207, 2.477648973464966, 2.4934005737304688, 2.5018999576568604, 2.5150184631347656, 2.428956985473633, 2.438898801803589, 2.4781558513641357, 2.503037691116333, 2.543828010559082, 2.5191407203674316, 2.4481537342071533, 2.438286066055298, 2.5037295818328857, 2.431434392929077, 2.3550772666931152, 2.373699188232422, 2.421635389328003, 2.428600311279297, 2.4220378398895264, 2.378505229949951, 2.362302780151367, 2.351426362991333, 2.3114030361175537, 2.3299221992492676, 2.3490612506866455, 2.2886545658111572, 2.3206076622009277, 2.3542699813842773, 2.338763475418091, 2.369964122772217, 2.333071231842041, 2.2769298553466797, 2.231546401977539, 2.2868337631225586, 2.3447279930114746, 2.3722941875457764, 2.3380508422851562, 2.3218133449554443, 2.3225138187408447, 2.2787036895751953, 2.278008222579956, 2.296278715133667, 2.278698205947876, 2.2128796577453613, 2.180762767791748, 2.1736578941345215, 2.158766984939575, 2.2059361934661865, 2.128682851791382, 2.105318307876587, 2.1641645431518555, 2.216047525405884, 2.1355032920837402, 2.0435919761657715, 2.0392587184906006, 2.0402369499206543, 2.034515619277954, 2.01750111579895, 2.031996965408325, 2.0178563594818115, 1.9951989650726318, 1.950838327407837, 1.9089514017105103, 1.8754074573516846, 1.8150997161865234, 1.780031681060791, 1.719743251800537, 1.6572785377502441, 1.596490740776062, 1.5403454303741455, 1.5162138938903809, 1.5846607685089111]"
Valores do Gráfico h3h:,"[0.014849469065666199, 0.014379475265741348, 0.015057393349707127, 0.016423791646957397, 0.016751019284129143, 0.016818901523947716, 0.018586711958050728, 0.019532540813088417, 0.06575554609298706, 0.022740812972187996, 0.02478933148086071, 0.02035067230463028, 0.020383790135383606, 0.02091073803603649, 0.020812232047319412, 0.020971737802028656, 0.021715033799409866, 0.022170495241880417, 0.023752227425575256, 0.023846112191677094, 0.026132067665457726, 0.025784937664866447, 0.025857839733362198, 0.02477411925792694, 0.023751607164740562, 0.02277701161801815, 0.02450636401772499, 0.023969881236553192, 0.023392783477902412, 0.026268605142831802, 0.027513323351740837, 0.027042541652917862, 0.03009840101003647, 0.031448908150196075, 0.030967161059379578, 0.03316252678632736, 0.035330723971128464, 0.03042915090918541, 0.029389427974820137, 0.027579447254538536, 0.03278462961316109, 0.03271167725324631, 0.03141253814101219, 0.03168193995952606, 0.03272736445069313, 0.03205442801117897, 0.0332980751991272, 0.03180624917149544, 0.035570353269577026, 0.03297799080610275, 0.033360354602336884, 0.033907052129507065, 0.03321309760212898, 0.032940953969955444, 0.032715726643800735, 0.033421777188777924, 0.035362083464860916, 0.03738798946142197, 0.03663063049316406, 0.03800589218735695, 0.03817274421453476, 0.036646731197834015, 0.03886370360851288, 0.037244707345962524, 0.036228109151124954, 0.04099521040916443, 0.03700137883424759, 0.0395977720618248, 0.03825512155890465, 0.037901345640420914, 0.04150121286511421, 0.040526382625103, 0.03836777061223984, 0.03976060822606087, 0.03956235572695732, 0.039028946310281754, 0.03910931199789047, 0.03667901083827019, 0.039326369762420654, 0.0382046103477478, 0.03931521251797676, 0.036901190876960754, 0.03882273659110069, 0.03612371161580086, 0.03620913624763489, 0.03588973730802536, 0.03593161702156067, 0.03640562295913696, 0.035983145236968994, 0.07161100208759308, 0.054099567234516144, 0.039914317429065704, 0.039795272052288055, 0.03656546398997307, 0.03798361495137215, 0.03657633438706398, 0.0370609275996685, 0.037915028631687164, 0.037431374192237854, 0.038212280720472336, 0.03671855479478836, 0.03274735435843468, 0.03197116032242775, 0.030541034415364265, 0.029039643704891205, 0.029684077948331833, 0.031019609421491623, 0.029252218082547188, 0.02919316291809082, 0.02919822931289673, 0.029922477900981903, 0.032085683196783066, 0.030823972076177597, 0.03146867826581001, 0.0287986658513546, 0.02881767973303795, 0.028948668390512466, 0.03411988914012909, 0.029870960861444473, 0.031598374247550964, 0.03412814810872078, 0.02791566774249077, 0.03238769248127937, 0.030739132314920425, 0.031159790232777596, 0.028714114800095558, 0.030061086639761925, 0.028087014332413673, 0.02804044634103775, 0.025748491287231445, 0.023944152519106865, 0.02752450481057167, 0.033715084195137024, 0.02839254029095173, 0.03559013456106186, 0.030258383601903915, 0.03125148266553879, 0.028574928641319275, 0.028737934306263924, 0.02542496845126152, 0.023920811712741852, 0.02550414763391018, 0.027525272220373154, 0.024905454367399216, 0.024038858711719513, 0.02199181541800499, 0.023963134735822678, 0.023813672363758087, 0.02221122570335865, 0.022190377116203308, 0.021388933062553406, 0.021739810705184937, 0.02451230213046074, 0.022717881947755814, 0.01910124346613884, 0.022399071604013443, 0.019144149497151375, 0.021776685491204262, 0.02326975204050541, 0.024629049003124237, 0.025104166939854622, 0.02590557560324669, 0.028499094769358635, 0.029719309881329536, 0.025463329628109932, 0.020386742427945137, 0.02708088792860508, 0.026743436232209206, 0.025617994368076324, 0.023063838481903076, 0.022451763972640038, 0.05173465237021446, 0.02295997366309166, 0.025510629639029503, 0.02065018191933632, 0.0160137340426445, 0.014774847775697708, 0.015779560431838036, 0.017690090462565422, 0.013336253352463245, 0.013162687420845032, 0.01592959277331829, 0.018632853403687477, 0.02091263048350811, 0.02471463941037655, 0.014681488275527954, 0.011818867176771164, 0.011015614494681358, 0.014617273584008217, 0.01291220635175705, 0.00984946172684431, 0.005546887870877981, 0.004742772318422794, 0.009034187532961369, 0.009337380528450012, 0.011247891932725906, 0.009919801726937294, 0.010393611155450344, 0.012049205601215363, 0.01876024343073368, 0.012622041627764702, 0.01051549892872572, 0.012712365947663784, 0.013091009110212326, 0.011316020041704178, 0.011530580930411816, 0.01327238418161869, 0.01204796601086855, 0.015321789309382439, 0.013231555931270123, 0.014470817521214485, 0.012845438905060291, 0.01294130738824606, 0.013686341233551502, 0.016449255868792534, 0.012504267506301403, 0.011546115390956402, 0.012121754698455334, 0.013086976483464241, 0.011401156894862652, 0.011732128448784351, 0.015305508859455585, 0.017769692465662956, 0.017859840765595436, 0.0176350399851799, 0.018289657309651375, 0.017435116693377495, 0.022692661732435226, 0.01859491690993309, 0.018787022680044174, 0.016491882503032684, 0.016564128920435905, 0.016368158161640167, 0.01568908430635929, 0.01824048161506653, 0.01292175892740488, 0.01622576266527176, 0.01698393188416958, 0.017189735546708107, 0.01989697851240635, 0.015791386365890503, 0.015948286280035973, 0.014776504598557949, 0.014344588853418827, 0.01577444188296795, 0.015558125451207161, 0.021621566265821457, 0.01835712417960167, 0.011674344539642334, 0.012163436971604824, 0.01623006910085678, 0.021960392594337463, 0.05483110621571541, 0.016565008088946342, 0.017969654873013496, 0.01477829646319151, 0.01586991921067238, 0.016761330887675285, 0.01746489480137825, 0.01899288222193718, 0.017729762941598892, 0.018856916576623917, 0.015347729437053204, 0.013607640750706196, 0.01414368487894535, 0.00943188276141882, 0.014676857739686966, 0.01456186268478632, 0.019957948476076126, 0.017680540680885315, 0.01868957094848156, 0.020645318552851677, 0.018185684457421303, 0.016722988337278366, 0.019082525745034218, 0.018593881279230118, 0.01984514482319355, 0.0208387840539217, 0.02264200523495674, 0.017189648002386093, 0.023061176761984825, 0.01885002851486206, 0.020365644246339798, 0.017885813489556313, 0.019541935995221138, 0.02101260982453823, 0.021499162539839745, 0.024093080312013626, 0.021760547533631325, 0.024983037263154984, 0.024616029113531113, 0.019361451268196106, 0.02563582733273506, 0.028607890009880066, 0.027056962251663208, 0.024863483384251595, 0.027187013998627663, 0.025150073692202568, 0.027596402913331985, 0.025062886998057365, 0.01532217301428318, 0.02022825926542282, 0.023155292496085167, 0.025448279455304146, 0.024092691019177437, 0.02478303760290146, 0.02655678056180477, 0.025560520589351654, 0.0200639795511961, 0.027334721758961678, 0.02733226865530014, 0.02279687114059925, 0.02558191679418087, 0.02374866232275963, 0.021581187844276428, 0.0268916804343462, 0.027877571061253548, 0.02623690851032734, 0.02459951862692833, 0.024934634566307068, 0.02692863903939724, 0.02697926200926304, 0.025760123506188393, 0.026978295296430588, 0.02664331905543804, 0.024912163615226746, 0.03219273313879967, 0.02966972440481186, 0.02921989932656288, 0.028704693540930748, 0.02416478656232357, 0.025229046121239662, 0.02893757075071335, 0.06652131676673889, 0.023384837433695793, 0.03424348309636116, 0.029926501214504242, 0.032922204583883286, 0.029265718534588814, 0.03498008847236633, 0.02985675446689129, 0.02958851493895054, 0.03213077783584595, 0.02595144510269165, 0.025670206174254417, 0.037888191640377045, 0.031846143305301666, 0.035067714750766754, 0.030347757041454315, 0.0370425246655941, 0.033685021102428436, 0.0310249961912632, 0.03724908456206322, 0.03576449677348137, 0.03412226215004921, 0.03255733847618103, 0.028357841074466705, 0.030494267120957375, 0.03334100916981697, 0.034064777195453644, 0.03151332214474678, 0.032117512077093124, 0.039385661482810974, 0.0347469337284565, 0.03585987910628319, 0.03516515716910362, 0.03617580980062485, 0.04050406068563461, 0.040000781416893005, 0.037967413663864136, 0.035339225083589554, 0.03733595088124275, 0.03573695570230484, 0.039565615355968475, 0.03796061500906944, 0.037563081830739975, 0.0385703444480896, 0.03796256706118584, 0.03536275774240494, 0.03667579963803291, 0.032535120844841, 0.04083549603819847, 0.0430850088596344, 0.037949688732624054, 0.041162826120853424, 0.04457717016339302, 0.040135711431503296, 0.046670567244291306, 0.037328820675611496, 0.03635108098387718, 0.036670539528131485, 0.04261448234319687, 0.03898025304079056, 0.03909004107117653, 0.03894299641251564, 0.040329404175281525, 0.041970591992139816, 0.04026911407709122, 0.03891440108418465, 0.045757751911878586, 0.04457356035709381, 0.04189978912472725, 0.043401580303907394, 0.043689776211977005, 0.04137416556477547, 0.039417970925569534, 0.03273548558354378, 0.03913010284304619, 0.03374388813972473, 0.03846296668052673, 0.043436355888843536, 0.03685535490512848, 0.03763505816459656, 0.03981519863009453, 0.04358101636171341, 0.048386842012405396, 0.06188833713531494, 0.04043535888195038, 0.03764204680919647, 0.037806544452905655, 0.037334293127059937, 0.03677542507648468, 0.03848210722208023, 0.036891672760248184, 0.0376352034509182, 0.03462814912199974, 0.03897229954600334, 0.03796924278140068, 0.03612685203552246, 0.03303730860352516, 0.03699428215622902, 0.03367584943771362, 0.03478666767477989, 0.03542130067944527, 0.03732682764530182, 0.04240572452545166, 0.04229368269443512, 0.03924742713570595, 0.039461299777030945, 0.03436364233493805, 0.0384075790643692, 0.031171847134828568, 0.03441445529460907, 0.03302592411637306, 0.03545147180557251, 0.03374540060758591, 0.03400176391005516, 0.028205130249261856, 0.03298236057162285, 0.03212234750390053, 0.03446369618177414, 0.030478592962026596, 0.028934933245182037, 0.03001038357615471, 0.030720174312591553, 0.03399810194969177, 0.03339233621954918, 0.03139644116163254, 0.0315791592001915, 0.030810821801424026, 0.03266626596450806, 0.03211994096636772, 0.03664779290556908, 0.03053530491888523, 0.03377360850572586, 0.03540600836277008, 0.035113152116537094, 0.033035758882761, 0.03345866501331329, 0.029614444822072983, 0.025681888684630394, 0.03208092227578163, 0.036331649869680405, 0.04083654657006264, 0.03872569277882576, 0.03653182461857796, 0.0409604087471962, 0.038273561745882034, 0.040407273918390274, 0.03863124921917915, 0.039910100400447845, 0.04311436042189598, 0.04150625690817833, 0.04549488052725792, 0.04744192957878113, 0.04723396152257919, 0.08014736324548721, 0.11841707676649094, 0.10208797454833984, 0.12080400437116623, 0.11782900243997574, 0.11613357067108154, 0.10620416700839996, 0.10090634971857071, 0.11366774886846542, 0.11837597191333771, 0.16448135673999786, 0.14702987670898438, 0.14966076612472534, 0.154748797416687, 0.1553354412317276, 0.1350293755531311, 0.12510959804058075, 0.13030339777469635, 0.1319117397069931, 0.13376398384571075, 0.1503300666809082, 0.17128542065620422, 0.16379521787166595, 0.16135993599891663, 0.15622100234031677, 0.15269869565963745, 0.14467038214206696, 0.14309830963611603, 0.14753559231758118, 0.1367296576499939, 0.1377350091934204, 0.15119658410549164, 0.15041416883468628, 0.15433406829833984, 0.14253480732440948, 0.15154899656772614, 0.1669764220714569, 0.15490034222602844, 0.15391823649406433, 0.1575004607439041, 0.2168828547000885, 0.25339025259017944, 0.2024695873260498, 0.28684383630752563, 0.38412484526634216, 0.2927165627479553, 0.28663545846939087, 0.2923049330711365, 0.24303163588047028, 0.2442813515663147, 0.25555419921875, 0.2229347974061966, 0.22461432218551636, 0.24375203251838684, 0.2445763498544693, 0.25350141525268555, 0.23507919907569885, 0.22876258194446564, 0.21220161020755768, 0.22878575325012207, 0.22411194443702698, 0.2230219841003418, 0.21189041435718536, 0.2089935839176178, 0.188023179769516, 0.2265082746744156, 0.21345838904380798, 0.1918465942144394, 0.21653807163238525, 0.19545048475265503, 0.19165347516536713, 0.1912469118833542, 0.21569153666496277, 0.2165391594171524, 0.2012501209974289, 0.203158438205719, 0.20291048288345337, 0.21144269406795502, 0.2108229100704193, 0.2042941153049469, 0.20536686480045319, 0.20691916346549988, 0.2036503702402115, 0.19246700406074524, 0.20927631855010986, 0.20118696987628937, 0.20526283979415894, 0.20342962443828583, 0.19773264229297638, 0.18857429921627045, 0.19357098639011383, 0.22053617238998413, 0.1899908483028412, 0.19618305563926697, 0.2041863352060318, 0.18949469923973083, 0.1885298490524292, 0.18801037967205048, 0.1884492188692093, 0.1854034960269928, 0.1726352423429489, 0.16740673780441284, 0.17334359884262085, 0.14839887619018555, 0.14923980832099915, 0.1671457588672638, 0.17258086800575256, 0.17006723582744598, 0.1541224718093872, 0.15704818069934845, 0.1484348326921463, 0.13580717146396637, 0.17496058344841003, 0.16139966249465942, 0.15361838042736053, 0.16523697972297668, 0.17774829268455505, 0.17340224981307983, 0.16926869750022888, 0.16979560256004333, 0.17390495538711548, 0.1689869910478592, 0.15963587164878845, 0.1666497141122818, 0.14452135562896729, 0.13665665686130524, 0.1735101193189621, 0.17657196521759033, 0.17027363181114197, 0.1713545322418213, 0.16600152850151062, 0.162752166390419, 0.17421802878379822, 0.17790193855762482, 0.17913933098316193, 0.16167773306369781, 0.14422199130058289, 0.14271891117095947, 0.14418551325798035, 0.14228057861328125, 0.14292211830615997, 0.14442802965641022, 0.14257273077964783, 0.1413535624742508, 0.14510391652584076, 0.14973686635494232, 0.18238496780395508, 0.16105957329273224, 0.15023593604564667, 0.15804354846477509, 0.17071722447872162, 0.1481604129076004, 0.13524676859378815, 0.1470354050397873, 0.14783301949501038, 0.16186776757240295, 0.15888620913028717, 0.15768542885780334, 0.15464656054973602, 0.1490202099084854, 0.152113139629364, 0.1460472196340561, 0.1488293707370758, 0.14326371252536774, 0.1382375806570053, 0.13447809219360352, 0.12893493473529816, 0.1358230710029602, 0.12720520794391632, 0.11267399787902832, 0.15059107542037964, 0.14391136169433594, 0.22527958452701569]"
Valores do Gráfico Ten:,"0     NaN
1     NaN
2     NaN
3     NaN
4     NaN
       ..
654   NaN
655   NaN
656   NaN
657   NaN
658   NaN
Name: trend, Length: 659, dtype: float64"
Valores do Gráfico Saz:,"0     -0.000721
1     -0.001274
2     -0.000932
3     -0.002389
4     -0.003034
         ...   
654   -0.000659
655   -0.001353
656    0.000887
657   -0.001587
658   -0.000579
Name: seasonal, Length: 659, dtype: float64"
Valores do Gráfico Res:,"0     NaN
1     NaN
2     NaN
3     NaN
4     NaN
       ..
654   NaN
655   NaN
656   NaN
657   NaN
658   NaN
Name: resid, Length: 659, dtype: float64"
Opção Selecionada:,Opção FAI - Detecção
